Name,Cuisine,Link to Instagram Post,Link to Website,Location(s),Meal Type,Overall Rating,Price (pp),Size Rating 😍,Standout Menu Items,Vibes,Visited?
Juan Bowl & Tea,Japanese,https://www.instagram.com/p/CQf63tEn_Mx/?utm_source=ig_web_copy_link,N/A,Redfern,"Dinner, Lunch",9,$$,8,"Tonkatsu, Unagi Hitsumabushi, Wagyu, Sakura matcha Tiramisu","Date, Dine-In, Small Groups, Upscale Dining",Yes
Lox in a Box,"German, Polish",https://www.instagram.com/p/CMZFT7unEzb/?utm_source=ig_web_copy_link,https://www.loxinabox.com.au/,Bondi,"Breakfast, Brunch, Lunch",8,$,7,"Schnitz Bagel, Classic Lox Bagel","Casual Dining, Takeaway",Yes
Platform Eighty-Two,American,https://www.instagram.com/p/CMRYeJWswFH/?utm_source=ig_web_copy_link,https://www.platform82.com.au/,Concord West,Brunch,7,$$,10,"Breakfast Platter, American Platter","Casual Dining, Dine-In, Small Groups",Yes
Jimmy's Falafel,Middle Eastern,https://www.instagram.com/p/CNb1Y6Un_4-/?utm_source=ig_web_copy_link,https://merivale.com/venues/jimmys-falafel/,CBD,"Dinner, Lunch",8,"$, $$",8,"The Original Pita, Beef Shish","Casual Dining, Dine-In, Small Groups, Takeaway",Yes
Albee's Kitchen,Malaysian,https://www.instagram.com/p/CNFCwpYHxI1/?utm_source=ig_web_copy_link,https://albeeskitchen.com.au/,"Campsie, Kingsford","Dinner, Lunch",8,$,9,"Hainanese Chicken Laksa, Combination Crispy Noodle","Casual Dining, Dine-In, Larger Groups, Takeaway",Yes
5th Earl,Cafe,https://www.instagram.com/p/CM1fit9HjZ3/?utm_source=ig_web_copy_link,https://www.the5thearlrosebery.com/,Rosebery,"Breakfast, Brunch, Lunch",9,$$,9,"Breakfast Burger, Earl’s Burger, The Earl’s Breakfast, Brioche French Toast","Casual Dining, Dine-In, Small Groups",Yes
The Italian Bowl,Italian,https://www.instagram.com/p/CM9XiaCnBY4/?utm_source=ig_web_copy_link,https://theitalianbowl.com.au/,Newtown,"Dinner, Lunch",8,$$,9,Boscaiola,"Casual Dining, Dine-In, Small Groups",Yes
Chargrill Charlie's,"American, Western",https://www.instagram.com/p/CN4X_xjHTWD/?utm_source=ig_web_copy_link,https://chargrillcharlies.com/,"Annandale, Beecroft, Bondi, Coogee, Dee Why, Drummoyne, Frenchs Forest, Lane Cove, Mona Vale, Mosman, Neutral Bay, Randwick, Rose Bay, St Ives, Wahroonga, Willoughby, Woollahra","Dinner, Lunch",8,$,9,"Traditional Baked Dinner, 1/2 Chicken, Sweet Potato Wedges","Casual Dining, Takeaway",Yes
Bar Luca,American,https://www.instagram.com/p/COKhjRpHLYP/?utm_source=ig_web_copy_link,https://barluca.com.au/,"CBD, Darlinghurst, Newtown, Parramatta","Dinner, Lunch",10,$$,10,"Blame Canada, Mac Daddy, Mr Truffle","Casual Dining, Dine-In, Small Groups",Yes
Terra Cotta Roasters,Cafe,https://www.instagram.com/p/COpcU3bNZgt/?utm_source=ig_web_copy_link,https://terracottaroasters.com/,"Alexandria, Darlington","Breakfast, Brunch, Lunch",8,$,7,Morning Burger,"Casual Dining, Dine-In, Small Groups, Takeaway",Yes
RaRa Ramen,Japanese,https://www.instagram.com/p/COhfpV1nOd3/?utm_source=ig_web_copy_link,https://www.rararamen.com.au/,"Randwick, Redfern","Dinner, Lunch",9,"$, $$",9,Tonkotsu Black Garlic,"Casual Dining, Date, Dine-In",Yes
"Shuk ",Israeli,https://www.instagram.com/p/CNmpEyMHYrA/?utm_source=ig_web_copy_link,https://www.shuk.com.au/,"Bondi, Chatswood, Elizabeth Bay","Breakfast, Brunch, Lunch",9,$$,9,"The Israeli Breakfast, Bacon and Egg Roll ","Casual Dining, Dine-In, Small Groups",Yes
Johnny Bird,American,https://www.instagram.com/p/CPe3H-6t8st/?utm_source=ig_web_copy_link,https://johnnybird.com.au/,Crows Nest,"Dinner, Lunch",8,"$, $$",7,Cheesy-B,"Casual Dining, Dine-In, Small Groups, Takeaway",Yes
Stacks Burger House & Eatery,American,N/A,https://www.stackseatery.com.au/,,,,,,,,No
Hurricanes Grill,"Modern Australian, South African",https://www.instagram.com/p/CPAvmpdHgv_/?utm_source=ig_web_copy_link,https://hurricanesgrillrestaurants.com.au/darling-harbour/,"Brighton Le Sands, Circular Quay, Darling Harbour","Dinner, Lunch",9,"$$, $$$",10,Pork Ribs,"Dine-In, Larger Groups, Upscale Dining",Yes
Social Brew Cafe,Cafe,https://www.instagram.com/p/CQQRC-FtvXy/?utm_source=ig_web_copy_link,https://www.socialbrewcafe.com.au/,Pyrmont,"Breakfast, Brunch",8,$$,8,"Smoked Salmon & Avo, Mushroom & Parmesan Bruschetta, Ricotta Hotcakes","Casual Dining, Dine-In, Small Groups",Yes
Cedric's,Cafe,https://www.instagram.com/p/CWFqiRLvym5/?utm_source=ig_web_copy_link,https://www.regentplace.com.au/cedrics,CBD,"Breakfast, Brunch, Dinner, Lunch",8,"$$, $$$",8,"Wagyu Ribeye Steak, Sydney Rock Oysters, Fremantle Octopus Escabeche, Tiramisu, Fries","Casual Dining, Date, Upscale Dining",Yes
Gogyo,Japanese,N/A,http://ippudo.com.au/gogyo/,CBD,"Dinner, Lunch",,,,,,No
Burger Anonymous,American,N/A,,"Ashfield, Balmain, Campsie, Darlinghurst, Fairfield, Sydenham","Dinner, Lunch",,$$,,,"Casual Dining, Takeaway",Yes
Burger 10,Multi Cuisine,https://www.instagram.com/p/CaBwNn5PjVY/?utm_source=ig_web_copy_link,https://www.burger10.com.au/,Randwick,"Dinner, Lunch",6,$,7,"Cheesegasm Double, Fried Chicken","Casual Dining, Dine-In, Small Groups, Takeaway",Yes
Messina,Italian,N/A,https://gelatomessina.com/,"Darling Harbour, Rosebery",Dessert,9,$,7,"Tiramisu, Mango","Casual Dining, Takeaway",Yes
Lumi Dining,"Italian, Japanese",N/A,https://www.lumidining.com/,Pyrmont,"Dinner, Lunch",10,$$$$$,6,,"Date, Dine-In, Fine Dining, Small Groups",Yes
Hubert,French,https://www.instagram.com/p/CbmnrXVvwvG/?utm_source=ig_web_copy_link,https://swillhouse.com/venues/restaurant-hubert/,CBD,Dinner,9,"$$$, $$$$",7,"Escargots XO, Prime Beef Tartare, Duck Parfait, Gnocchi Parisienne, Murray Cod à la Hubert, Duck à l’Orange Chateaubriand, Pommes Anna, Mille-Feuille aux Pommes, Crème Caramel, Hubert’s Gâteau au Chocolat","Date, Dine-In, Larger Groups, Small Groups, Upscale Dining",Yes
Sushi Tengoku,Japanese,https://www.instagram.com/p/CaHFN0sv2hg/?utm_source=ig_web_copy_link,N/A,Kensington,"Dinner, Lunch",9,$$,9,"Aburi Salmon, Tamago Nigiri, Softshell Crab Sushi Roll, Inari Sushi","Casual Dining, Dine-In, Small Groups",Yes
Maranello’s,Italian,https://www.instagram.com/p/CZ1Ki_wPNOW/?utm_source=ig_web_copy_link,https://maranellos.com.au/,"Concord, Croydon Park, Maroubra, Summer Hills","Dinner, Lunch",8,$$,9,"Large Maranello’s Pizza, Spaghetti Con Polpette","Casual Dining, Dine-In, Larger Groups",Yes
Bennelong,Modern Australian,N/A,https://www.bennelong.com.au/,Circular Quay,"Dinner, Lunch",,$$$$$,,,"Date, Dine-In, Fine Dining, Small Groups",No
Sekka Dining,Japanese,https://www.instagram.com/p/CZqob21PYDn/?utm_source=ig_web_copy_link,https://www.sekkadining.com.au/,St Leonards,"Dinner, Lunch",9,$$,8,"Jidori Chicken Shio Ramen, Big Boy Pork Gyoza","Casual Dining, Dine-In, Small Groups",Yes
Nandos,Portugese,https://www.instagram.com/p/CZtddDNvvmI/?utm_source=ig_web_copy_link,https://www.nandos.com.au/,Chatswood,"Dinner, Lunch",9,$,8,2 Whole Peri Peri Chickens + 2 Large Sides (Coleslaw/Sweet Potato Chips),"Casual Dining, Dine-In, Small Groups, Takeaway",Yes
Pho An,Vietnamese,https://www.instagram.com/p/CXa1m3zgTHN/?utm_source=ig_web_copy_link,http://www.anrestaurant.com.au/,Bankstown,"Dinner, Lunch",8,$,9,Pho Dac Biet,"Casual Dining, Dine-In, Small Groups",Yes
Slim’s Quality Burger,American,https://www.instagram.com/p/CYs7DShP9lh/?utm_source=ig_web_copy_link,https://www.slimsqualityburger.com/,Marrickville,"Dinner, Lunch",7,"$, $$",6,"Large Family Pack, Deluxe Cheeseburger, Slim’s Original Crispy Chicken, Slim’s Original","Casual Dining, Dine-In, Takeaway",Yes
Smokey Sue’s,Western,https://www.instagram.com/p/CWnQ7RQvnbR/?utm_source=ig_web_copy_link,https://www.smokysues.com.au/,Maroubra,"Dinner, Lunch",8,$$,10,"Ribby McRibface, 2 Meat Platter (Beef Short Rib, Pulled Pork), Loaded Fries, Sweet Potato Wedges","Casual Dining, Dine-In, Larger Groups",Yes
Mr Stonepot,Chinese,https://www.instagram.com/p/CW5XTzMv8cx/?utm_source=ig_web_copy_link,N/A,Chatswood,"Dinner, Lunch",9,$$,9,"Mussels & Garlic Prawn with Stir Fried Rice in Squid Ink Sauce, Stir Fried Rice Noodle with Clam Meat in XO Sauce, Beef Spare Ribs with Black Pepper & Japanese Wasabi, Pan Fried Pork Bun","Casual Dining, Dine-In, Small Groups",Yes
Ribs & Burgers,"American, Modern Australian",https://www.instagram.com/p/CWMs6SXP9oA/?utm_source=ig_web_copy_link,https://ribsandburgers.com/au/,"Chatswood, Chippendale, Drummoyne, Eastgardens, Neutral Bay, Randwick, Rhodes, The Rocks, Zetland","Dinner, Lunch",8,"$, $$",9,"Double Loaded Burger, Chips","Casual Dining, Dine-In, Larger Groups",Yes
Happy Ending Burger,Multi Cuisine,https://www.instagram.com/p/CVxJ6EDPENc/?utm_source=ig_web_copy_link,https://www.happyendingburgers.com.au/,Concord,"Dinner, Lunch",7,$,7,Psychedelics Burger,"Casual Dining, Dine-In, Small Groups, Takeaway",Yes
6Head,Modern Australian,https://www.instagram.com/p/CVkZjmDvgIU/?utm_source=ig_web_copy_link,https://6head.com.au/,Darling Harbour,"Dinner, Lunch",10,$$$$,10,"Tomahawk 1.5kg, T-Bone 1.2kg, Oberon Lamb Tartare, Flank Flatbread, Crab & Prawn Cocktail, Octopus Roll","Date, Dine-In, Fine Dining, Larger Groups",Yes
Gumshara Ramen,Japanese,https://www.instagram.com/p/CVcdkk4PDme/?utm_source=ig_web_copy_link,https://gumshara.com/,Haymarket,"Dinner, Lunch",8,$$,9,Large Mega Ramen,"Casual Dining, Dine-In, Small Groups",Yes
Bake Bar,Cafe,https://www.instagram.com/p/CVPrqaLPMM8/?utm_source=ig_web_copy_link,https://bakebar.com.au/,"Double Bay, Randwick, Rose Bay","Breakfast, Brunch, Lunch",8,$,6,Bacon & Egg Roll,"Casual Dining, Dine-In, Small Groups, Takeaway",Yes
Old Garden Kaffee,Cafe,https://www.instagram.com/p/CRla2DAtL9m/?utm_source=ig_web_copy_link,N/A,CBD,Dessert,8,$,8,Watermelon and Vanilla Ice Cream Bingsu,"Casual Dining, Dine-In, Small Groups",Yes
Gavroche,French,https://www.instagram.com/p/CQnoLz2nwxb/?utm_source=ig_web_copy_link,https://gavroche.com.au/,Chippendale,"Dinner, Lunch",9,$$$,7,"Tournedos Rossini, Escargot De Bourgogne, Paris Breast","Date, Dine-In, Larger Groups, Small Groups, Upscale Dining",Yes
Butter,"American, Japanese",https://www.instagram.com/p/CQS_m5SNuAd/?utm_source=ig_web_copy_link,https://buttersydney.com.au/,"Chatswood, Parramatta, Surry Hills","Dinner, Lunch",9,$$,8,"Boom Box (OG, Master Spice, BLTC, Biggie Shroom) , Poutine, Fried Chicken & Donut ","Casual Dining, Dine-In, Small Groups",Yes
NOMAD,Middle Eastern,https://www.instagram.com/p/CgJgCxxP7ms/?utm_source=ig_web_copy_link,https://nomad.sydney/,Surry Hills,"Dinner, Lunch",9,"$$$, $$$$",8,Feast Menu,"Date, Dine-In, Small Groups, Upscale Dining",Yes
Kickin Inn,,N/A,,Zetland,"Dinner, Lunch",,,,,,No
Kokoroya,Japanese,N/A,http://kokoroya.com.au/,Maroubra,"Dinner, Lunch",9,$$,7,"Softshell Crab Sushi Roll, Agedashi Tofu","Casual Dining, Dine-In",Yes
Glass Brasserie,French,N/A,https://www.glassbrasserie.com.au/,CBD,"Dinner, Lunch",9,$$$$,7,,"Date, Dine-In, Fine Dining, Small Groups",Yes
Devon,,N/A,,"Barangaroo, North Sydney, Surry Hills","Breakfast, Brunch, Lunch",,,,,,No
"Nel. Restaurant ",Modern Australian,N/A,,,,,,,,,No
Zodiac RnB,,N/A,,Strathfield,,,,,,,No
Tao Restaurant,Chinese,https://www.instagram.com/p/Cal9AT-v8pE/?utm_source=ig_web_copy_link,https://www.taosydney.com.au/,CBD,Dinner,8,$$$,7,"Wok Fried Clam, Kung Pao Chicken, Soft Shell Crab, Pork & Chive Dumplings","Date, Dine-In, Small Groups, Upscale Dining",Yes
El Jannah’s,Middle Eastern,N/A,https://eljannah.com.au/,"Blacktown, Burwood, Campbelltown, Earlwood, Granville, Gregory Hills, Kogarah, Newtown, Penrith, Punchbowl, Smithfield","Dinner, Lunch",8,$,8,Family Meal,"Casual Dining, Dine-In, Small Groups, Takeaway",Yes
The General,Cafe,N/A,,Dulwich Hill,"Breakfast, Brunch, Lunch",,,,,,No
Pina,Cafe,https://www.instagram.com/p/CaOuj_fPhEe/?utm_source=ig_web_copy_link,https://order.pinapottspoint.com.au/,Potts Point,"Breakfast, Brunch, Lunch",9,$$,8,"Bubbly Iced Mocha, Scrambled Egg & Toast, Wagyu Pastrami Bagel. Fried Chicken Burger","Casual Dining, Dine-In, Small Groups, Takeaway",Yes
BenBry Burgers,American,https://www.instagram.com/p/CaMUMFEPf7v/?utm_source=ig_web_copy_link,N/A,Manly,"Dinner, Lunch",8,"$, $$",9,The Business Combo,"Casual Dining, Dine-In, Small Groups, Takeaway",Yes
The Apollo,Greek,N/A,http://www.theapollo.com.au/,Potts Point,"Dinner, Lunch",,,,,Upscale Dining,No
Emma’s Snack Bar,,N/A,,,,,,,,,No
Two Chaps,Mediterranean,N/A,https://www.twochaps.com.au/,Marrickville,"Brunch, Dinner, Lunch",8,$$,7,,Upscale Dining,Yes
Nugu,Korean,N/A,,CBD,,,,,,,No
Mjolner,Middle Eastern,https://www.instagram.com/p/CaWnirRP5KY/?utm_source=ig_web_copy_link,https://mjolner.com.au/,Redfern,Dinner,8,$$$,8,"Beast (Pork Belly), Bird (Whole), Fish, Beast (Beef), Boar (Special), Roast Bone Marrow, Crispy Broccoli","Dine-In, Larger Groups, Small Groups, Upscale Dining",Yes
The Little Snail,French,N/A,https://thelittlesnail.com.au/,Pyrmont,Dinner,8,$$$,7,"Pate Maison, Fillet of Beef Tenderloin, Warm Sticky Date Pudding, Handmade Profiterole","Date, Dine-In, Small Groups, Upscale Dining",Yes
Franca Brasserie & Bar,French,N/A,,Potts Point,"Dinner, Lunch",9,$$$,7,,"Date, Dine-In, Upscale Dining",Yes
Eggshellent,Cafe,N/A,https://www.facebook.com/eggshellentcafe/,Randwick,"Brunch, Lunch",9,$$,7,,"Casual Dining, Small Groups, Takeaway",Yes
Chefs Gallery,Chinese,N/A,https://www.chefsgallery.com.au/,CBD,"Dinner, Lunch",9,$$,8,Peking Duck Roti,"Casual Dining, Dine-In, Larger Groups, Small Groups",Yes
Tetsuyas,"French, Japanese",N/A,https://www.tetsuyas.com/,CBD,"Dinner, Lunch",10,$$$$$,7,,"Date, Dine-In, Fine Dining, Small Groups",Yes
The Bavarian,German,N/A,https://www.thebavarians.com/,CBD,"Dinner, Lunch",8,$$,10,Pork Knuckle,"Casual Dining, Dine-In, Larger Groups, Small Groups, Upscale Dining",Yes
Cafe Crop,Korean,N/A,https://cafe-crop.business.site/,Strathfield,Dessert,8,$$,9,"Mango Bingsu, Melon Bingsu","Casual Dining, Dine-In, Small Groups, Takeaway",Yes
Kanzai Japanese Restaurant,Japanese,N/A,http://kansai.com.au/,CBD,"Dinner, Lunch",8,$$,10,AYCE Buffet,"Casual Dining, Dine-In, Small Groups",Yes
Kobe Wagyu,Japanese,"N/A
",http://www.kobewagyubbq.com.au/,CBD,"Dinner, Lunch",9,$$$,10,AYCE Buffet,"Dine-In, Larger Groups, Small Groups, Upscale Dining",Yes
Bondi Pizza,Italian,,https://www.bondipizza.com.au/,"Eastgardens, Macquarie, Parramatta","Dinner, Lunch",8,$$,8,"Grilled Chilli Prawn Pizza, Chargrilled Lamb Pizza, Classic Supreme Pizza","Dine-In, Larger Groups, Small Groups, Upscale Dining",Yes
The Savoury Dining,Vietnamese,N/A,https://www.thesavourydining.com.au/,North Strathfield,Dinner,7,$$,10,Vietnamese Tapas Buffet,"Dine-In, Larger Groups, Small Groups, Upscale Dining",Yes
Mango Coco,Thai,N/A,https://www.mangococo.com.au/,CBD,Dessert,8,$,9,"Mango Sticky Rice, Thai Bingsu","Casual Dining, Dine-In, Small Groups",Yes
Niji Sushi,Japanese,N/A,https://www.niji.com.au/,Kingsford,"Dinner, Lunch",8,$$,7,,"Casual Dining, Dine-In, Small Groups, Takeaway",Yes
Kujira,Japanese,N/A,,Ashfield,"Dinner, Lunch",8,$$,7,,"Casual Dining, Dine-In, Small Groups, Takeaway",Yes
Via Napoli,Italian,N/A,https://vianapoli.com.au/,Surry Hills,"Dinner, Lunch",8,$$,8,,"Casual Dining, Dine-In, Larger Groups, Small Groups",Yes
Kurtosh,Hungarian,N/A,https://kurtosh.com.au/,"Crows Nest, Darling Square, Haymarket, Marrickville, Randwick, Surry Hills",Dessert,9,$,7,,"Casual Dining, Dine-In, Small Groups, Takeaway",Yes
Garcon,,N/A,,,,,,,,,No
Marrickville Pork Roll,Vietnamese,N/A,,Marrickville,Lunch,8,$,9,"BBQ Pork Roll, Pork Roll","Casual Dining, Takeaway",Yes
Nam Fong,Vietnamese,N/A,,Bankstown,Lunch,8,$,9,BBQ Pork Roll,"Casual Dining, Takeaway",Yes
Italian Street Kitchen,Italian,N/A,https://italianstreetkitchen.com/au/,Neutral Bay,"Dinner, Lunch",9,$$,8,,"Casual Dining, Dine-In, Small Groups",Yes
Marilynas,Italian,N/A,https://www.marilynasfamouspizza.com.au/,Cremorne,"Dinner, Lunch",8,$$,8,,"Casual Dining, Takeaway",Yes
Sails @ Lavendar Bay,French,N/A,https://www.sailslavenderbay.com/?gclid=CjwKCAiApfeQBhAUEiwA7K_UH2BvwEy755jdkJTNBvBurkFuTh0hHGjX-cGC_H4xN_ZFGme90ZvvIRoC75wQAvD_BwE,Lavendar Bay,"Dinner, Lunch",9,$$$$,8,,"Date, Dine-In, Fine Dining, Small Groups",Yes
Ho Jiak,Malaysian,N/A,https://www.hojiak.com.au/,"CBD, Haymarket","Dinner, Lunch",7,$$,8,Chicken Laksa,"Casual Dining, Dine-In, Larger Groups, Small Groups",Yes
Kowloon Cafe,Chinese,N/A,https://www.kowlooncafe.com.au/,CBD,"Dinner, Lunch",8,$,7,,"Casual Dining, Dine-In, Small Groups",Yes
"Royal Treasure Seafood Restaurant ",Chinese,N/A,https://www.royaltreasure.com.au/,Burwood,Lunch,7,$$,8,Yum Cha,"Casual Dining, Dine-In, Larger Groups, Small Groups",Yes
Bay Vista,Cafe,N/A,https://www.bayvista.com.au/,"Brighton Le Sands, Parramatta","Dessert, Lunch",8,$$,9,,"Casual Dining, Dine-In, Larger Groups, Small Groups",Yes
Alberto’s Lounge,Italian,N/A,https://swillhouse.com/venues/albertos-lounge/,CBD,"Dinner, Lunch",7,$$$,7,"Spaghetti Marinara, Burrata, Pane e olio, ","Date, Dine-In, Small Groups, Upscale Dining",Yes
Tokyo Den,Japanese,N/A,,Burwood,,,,,,,No
Black Bar & Grill,,N/A,,,,,,,,,No
Bondi Buns,,N/A,,,,,,,,,No
Nikaido,,N/A,,,,,,,,,No
Ventuno Restaurant,Italian,N/A,,Walsh Bay,"Dinner, Lunch",,,,,"Dine-In, Larger Groups, Small Groups, Upscale Dining",No
Dopa,Japanese,N/A,https://www.darlingsq.com/eat-drink-shop/dopa-by-devon/,"CBD, Darling Square","Dinner, Lunch",8,$$,7,,"Casual Dining, Dine-In, Small Groups",Yes
China Lane,Asian Fusion,N/A,https://chinalane.com.au/,CBD,"Dinner, Lunch",,$$$,7,,"Date, Dine-In, Small Groups, Upscale Dining",Yes
Torotoro Ramen Bar,Japanese,https://www.instagram.com/p/CfBcy12PW-B/?utm_source=ig_web_copy_link,https://www.torotoro.com.au/,Barangaroo,"Dinner, Lunch",7,$$,7,Torotoro special,"Casual Dining, Dine-In, Small Groups",Yes
a’Mare,Italian,N/A,,,,,,,,Fine Dining,No
Ester,Modern Australian,N/A,,Chippendale,,,,,,"Date, Upscale Dining",No
Kuon Omakase,Japanese,N/A,,Darling Square,Dinner,,,,,"Date, Dine-In, Fine Dining",No
Bistecca,Italian,N/A,https://www.bistecca.com.au/,CBD,"Dinner, Lunch",9,$$$$,8,"~300g of steak pp, potatoes ","Date, Dine-In, Small Groups, Upscale Dining",Yes
Rockpool Bar and Grill,Modern Australian,N/A,https://rockpoolbarandgrill.com.au/,CBD,"Dinner, Lunch",9,"$$$, $$$$",8,,"Date, Dine-In, Upscale Dining",Yes
Mister Gees,American,N/A,https://www.mistergee.com.au/,North Strathfield,"Dinner, Lunch",9,$$,9,,"Casual Dining, Dine-In, Larger Groups, Small Groups, Takeaway",Yes
Sushi Komaru,Japanese,N/A,,Neutral Bay,Dinner,,,,,,No
Spice Temple,,N/A,,,,,,,,,No
The Gidley,Modern Australian,N/A,,CBD,Dinner,,,,,"Date, Dine-In, Small Groups, Upscale Dining",Yes
Gaku Robata Grill,,N/A,,,,,,,,,No
Legend Hotpot Buffet,Chinese,N/A,http://legendhotpot.com.au/,Burwood,Dinner,8,$$$,10,AYCE Buffet,"Dine-In, Larger Groups, Small Groups, Upscale Dining",Yes
Marble BBQ,,N/A,,,,,,,,,No
Kahii Kissaten,,N/A,,,,,,,,,No
Cucina Porto,Italian,N/A,,Pyrmont,"Dinner, Lunch",8,$$,7,,"Date, Dine-In, Small Groups, Upscale Dining",Yes
"Sagra Restaurant ",Italian,N/A,https://www.sydneysagra.com.au/,Darlinghurst,Dinner,,,,,"Dine-In, Upscale Dining",No
Social Society,Cafe,https://www.instagram.com/p/CgeEOU4vIdo/?utm_source=ig_web_copy_link,https://socialsocietysydney.com/,Zetland,"Breakfast, Brunch, Lunch",8,$$,8,Chix & Waffles,"Casual Dining, Dine-In, Small Groups",Yes
American BBQ Kitchen,American,https://www.instagram.com/p/CgMNclmP92u/?utm_source=ig_web_copy_link,https://www.facebook.com/AmericanBBQKitchen/,Pop Up,Dinner,8,$$,10,"Double Fried Chicken Sandwich ($20)
Triple Cracker Burger ($20)
Cheesy Loaded Fries ($15)",Takeaway,Yes
Bopp and Tone,Mediterranean,N/A,,CBD,Dinner,9,$$$$,6,,"Date, Dine-In, Small Groups, Upscale Dining",Yes
Mode Kitchen & Bar,,N/A,,,,,,,,,No
Jasmine1,Lebanese,N/A,,Bankstown,,,,,,,No
Where’s Wolli,Cafe,https://www.instagram.com/p/Cgtq4N5PDxp/?igshid=YmMyMTA2M2Y=,https://ippuku.com.au/,Wolli Creek,"Breakfast, Brunch, Lunch",9,$$,10,Breakfeast Deluxe,"Casual Dining, Dine-In, Small Groups",Yes
Cubby’s Kitchen,Lebanese,,,CBD,Dinner,8,$$$,10,Banquet,"Dine-In, Larger Groups, Small Groups, Upscale Dining",Yes
My Mothers Cousin,Italian,N/A,,Bexley North,Dinner,,,,,,No
Super Nash Brothers,American,N/A,,Waterloo,"Dinner, Lunch",7,$$,7,,"Casual Dining, Dine-In, Small Groups, Takeaway",Yes
Ippuku,Japanese,N/A,,Rosebery,"Breakfast, Brunch, Lunch",8,"$, $$",7,Poke Bowl / Sandos,"Casual Dining, Dine-In, Small Groups, Takeaway",Yes
Pellegrino 2000,Italian,N/A,,Surry Hills,Dinner,9,"$$$, $$$$",7,,"Date, Dine-In, Small Groups, Upscale Dining",Yes
Cicerone Cucina Romana,Italian,N/A,https://www.ciceronesyd.com.au/,Surry Hills,Dinner,10,$$$,9,"Carbonara, Tripe","Casual Dining, Date, Dine-In, Small Groups, Upscale Dining",Yes
Ebisu Yakiniku & Yakitori,Japanese,N/A,,Chatswood,,,,,,,No
Eat at Robs,American,N/A,,Rozelle,,,,,,,No
Cheung Sing BBQ House,Chinese,N/A,,Maroubra,"Dinner, Lunch",7,$,8,,"Casual Dining, Small Groups, Takeaway",Yes
Nour,Lebanese,https://www.instagram.com/p/CpKIx67uyGr/?igshid=YmMyMTA2M2Y%3D,https://www.noursydney.com/,CBD,"Dinner, Lunch",9,$$$$,8,Banquet Menu,"Date, Dine-In, Small Groups, Upscale Dining",Yes
Ezra,Middle Eastern,,,Potts Point,"Dinner, Lunch",9,$$$,8,,"Date, Dine-In, Small Groups, Upscale Dining",Yes
Two Fives,Cafe,N/A,,Rosebery,"Breakfast, Brunch, Lunch",,"$, $$",,,"Casual Dining, Dine-In, Small Groups, Takeaway",Yes
Jambo Jambo,Ethiopian,N/A,https://merivale.com/venues/msgs/,,,,,,,,No
Frankie B’s,Italian,N/A,,Parramatta,,,,,,,No
Terracotta Roasters,Cafe,N/A,,Darlington,"Breakfast, Brunch, Lunch",,$$,7,,"Casual Dining, Dine-In, Small Groups, Takeaway",Yes
Bistro St Jacques,French,N/A,,Redfern,,,,,,,No
Bloc 145,"Cafe, Japanese",N/A,,Redfern,"Breakfast, Brunch, Lunch",,$$,,,"Casual Dining, Dine-In, Small Groups, Takeaway",No
"TakeSushi ",Japanese,N/A,,Waterloo,,,,,,,No
Holy Duck,Chinese,N/A,,Chippendale,,,,,,,No
Kazan,,N/A,,CBD,,,,,,,No
Izgara,Turkish,N/A,,Potts Point,Dinner,,,,,Upscale Dining,Yes
Ms Gs,Asian Fusion,N/A,https://merivale.com/venues/msgs/,Potts Point,"Dinner, Lunch",8,$$$,8,,"Date, Dine-In, Larger Groups, Small Groups, Upscale Dining",Yes
Firedoor,Modern Australian,N/A,,Surry Hills,"Dinner, Lunch",,"$$$$, $$$$$",,,"Date, Dine-In, Fine Dining",No
S’More,,N/A,,,,,,,,,No
Besuto,Japanese,N/A,,Circular Quay,Dinner,10,$$$$$,7,,"Date, Dine-In, Fine Dining, Small Groups",Yes
A Tavola,Italian,Coming Soon…,https://atavola.com.au/darlinghurst/,Darlinghurst,"Dinner, Lunch",9,"$$$, $$$$",9,"Bistecca, Wagyu Parpadelle","Date, Dine-In, Small Groups, Upscale Dining",Yes
"Moku ",Japanese,N/A,,Darlinghurst,"Dinner, Lunch",,,,,,No
Fred’s,Modern Australian,N/A,https://merivale.com/venues/freds/menu/,Paddington,"Dinner, Lunch",,"$$$$, $$$$$",7,,"Date, Dine-In, Fine Dining, Small Groups",Yes
"Baccomatto Osteria ",Italian,N/A,http://www.baccomattoosteria.com.au/,Randwick,"Dinner, Lunch",7,$$$,7,,"Casual Dining, Dine-In, Small Groups",Yes
Charlie & Franks,Cafe,N/A,https://www.charlieandfranks.com.au/,St Leonards,"Breakfast, Brunch, Lunch",7,"$, $$",8,"Macro Bowl (Grilled Chicken), Prawn Linguini","Casual Dining, Dine-In, Small Groups, Takeaway",Yes
Epicurean,Buffet,N/A,,,"Dinner, Lunch",,,,,,No
Time for Thai,Thai,N/A,,"Kingsford, Newtown","Dinner, Lunch",9,"$, $$",8,,"Casual Dining, Dine-In, Larger Groups, Small Groups, Takeaway",Yes
Icebergs,,,,Bondi,"Dinner, Lunch",,,,,"Date, Dine-In, Small Groups, Upscale Dining",No
Eastside Bar & Grill,,,,,,,,,,,No
Grounds of Alexandria,Cafe,N/A,,"Alexandria, CBD","Breakfast, Brunch, Dinner, Lunch",,$$,,,"Casual Dining, Dine-In, Small Groups, Takeaway",Yes
Bistro 916,French,,,Elizabeth Bay,"Dinner, Lunch",9,$$$$,8,"Snails, Duck Frites","Date, Dine-In, Small Groups, Upscale Dining",Yes
Buffalo Dining Club,,,,,,,,,,,No
Acqua E Farina,Italian,,,Potts Point,Dinner,,$$,,,"Date, Dine-In, Small Groups, Upscale Dining",Yes
Kobo Sydney,,,,,,,,,,,No
Genovese Coffee House,,,,,,,,,,,No
Valentinas,Cafe,,https://www.valentinassyd.com/,Marrickville,"Breakfast, Brunch, Lunch",7,$$,7,,"Casual Dining, Dine-In, Small Groups",Yes
Masuya,,,,,,,,,,,No
Moku,Japanese,,https://www.mokusydney.com/,Darlinghurst,"Dinner, Lunch",,,,,"Dine-In, Upscale Dining",No
Sofia on Cleveland,,,,,,,,,,Upscale Dining,No
Mimi’s,Mediterranean,,https://merivale.com/venues/mimis/,Coogee,"Dinner, Lunch",10,$$$$$,8,,"Date, Dine-In, Fine Dining, Small Groups",Yes
Turka Cafe,Turkish,,,St Leonards,Lunch,8,$$,9,,"Casual Dining, Dine-In, Larger Groups, Small Groups",Yes
Kepos Street Kitchen,Cafe,,,Redfern,"Breakfast, Brunch, Lunch",,$$,,,"Casual Dining, Dine-In, Small Groups, Takeaway",Yes
Chubby Cheeks,"Asian Fusion, Thai",https://www.instagram.com/p/CqARwalPwiK/?igshid=YmMyMTA2M2Y=,https://chubbycheekspaddo.com.au/,Paddington,Dinner,8,$$$,7,,"Date, Dine-In, Small Groups, Upscale Dining",Yes
Luho,Asian Fusion,Coming Soon…,https://www.luho.com.au/,Crows Nest,"Dinner, Lunch",8,"$$, $$$",7,"Prawn Wonton Taco, Crab Fried Rice","Casual Dining, Dine-In, Larger Groups, Small Groups",Yes
Don Giovanni Pizza Bar,Italian,,,Surry Hills,Dinner,,$$$,8,,"Casual Dining, Dine-In, Small Groups",Yes
Pizza Bros,,,,,,,,,,,No
Celsius Coffee & Dining,Cafe,,,Kirribilli,"Breakfast, Brunch, Lunch",,,,,"Casual Dining, Dine-In, Small Groups, Takeaway",No
Happyfield,Cafe,,,Haberfield,"Breakfast, Brunch, Lunch",,$$,8,,"Casual Dining, Date, Dine-In, Small Groups, Takeaway",Yes
Alex n Rolls,,,,,,,,,,,No
Aqua E Farina,Italian,,,Potts Point,Dinner,9,$$$,9,,"Casual Dining, Date, Dine-In, Small Groups",Yes
Ciao Fabbrica,,,,CBD,,,,,,,No
La Favola,Italian,,,Newtown,"Dinner, Lunch",7,$$$,7,,"Casual Dining, Dine-In, Small Groups",Yes
Parlar Potts Point,,,,Potts Point,,,,,,,No
Nikkei Bar & Restaurant,"Japanese, Peruvian",,,Surry Hills,Dinner,,$$$,,,"Date, Dine-In, Small Groups, Upscale Dining",Yes
The Woodcut Restaurant,,,,,,,,,,,No
The Brothers Cafe,Cafe,,,Haymarket,,,,,,,No
"COOH Bourke Road ",Cafe,,,Alexandria,"Breakfast, Brunch, Lunch",8,$$,8,,"Dine-In, Larger Groups, Small Groups",Yes
Louie,,,,Coogee,,,,,,,No
Zini Contemporary Gelato,Italian,,,Circular Quay,Dessert,,,,,"Casual Dining, Takeaway",Yes
Ichomie,,,,,,,,,,,No
D’s Bar and Dining,,,,,,,,,,,No
The Char Rotisserie,Western,,,"Balmain, Bondi, Bronte","Dinner, Lunch",9,$$,9,,"Casual Dining, Dine-In, Small Groups, Takeaway",Yes
"Restaurant Ka ",,,,,,,,,,,No
Fusion Point,,,,Manly,,,,,,,No
Ardi’s Block to Grill,,,,Surry Hills,,,,,,,No
Chao Praya,Thai,,,Randwick,"Dinner, Lunch",9,$$,9,,"Casual Dining, Dine-In, Small Groups, Takeaway",Yes
Chin Chin,Asian Fusion,,,CBD,Dinner,8,$$$,7,,"Date, Dine-In, Larger Groups, Small Groups, Upscale Dining",Yes
Kuro’s Kitchen,,,,,,,,,,,No
"Bastardo ",Italian,,,Surry Hills,Dinner,8,$$$,6,,"Casual Dining, Date, Dine-In, Small Groups",Yes
"Warike Restaurant ",Peruvian,,https://warikerestaurant.com/,Surry Hills,"Dinner, Lunch",10,"$$$, $$$$",8,Set Menu,Upscale Dining,Yes
"Mejico ",,,,CBD,,,,,,,No
"Indu ",,,,,,,,,,,No
"Kid Kyoto ",,,,,,,,,,,No
Aria,,,,Circular Quay,,,,,,Fine Dining,No
Six Penny,,,,,,,,,,Fine Dining,No
Ursula,,,,,,,,,,,No
Bistro Nido,French,,,CBD,Dinner,7,$$$,6,"Steak Frittes, Crepe Suzette","Date, Dine-In, Small Groups",Yes
Cucinetta Sydney,Italian,,,Woolwich,,,,,,,No
Kindred,Italian,,,Darlington,Dinner,8,$$$,7,,"Casual Dining, Date, Dine-In, Small Groups, Upscale Dining",Yes
Roast Republic,,,,,,,,,,,No
Palazzo Salato,Italian,,,CBD,Dinner,8,$$$,7,,"Date, Dine-In, Larger Groups, Small Groups, Upscale Dining",Yes
Armorica Grand Brasserie,French,,,Surry Hills,"Dinner, Lunch",,,,,"Date, Dine-In, Small Groups, Upscale Dining",No
Kiln,,,,,,,,,,,No
Spuntini,Italian,,,Concord,"Dinner, Lunch",9,$$$,8,,"Casual Dining, Dine-In, Small Groups",Yes
Promenade,Modern Australian,,,Bondi Beach,"Dinner, Lunch",8,$$$,7,"Flatbread, Rigatoni Ragu","Date, Dine-In, Small Groups, Upscale Dining",Yes
Queen Chow,Chinese,,,Enmore,"Dinner, Lunch",,,,,Upscale Dining,No
Bar Vincent,,,,,,,,,,,No
Mumu,,,,CBD,,,,,,Upscale Dining,No
Lima Nikkei Restaurant,"Chinese, Peruvian",,https://folklorrestaurant.com.au/,Dawes Point,"Dinner, Lunch",9,"$$$, $$$$",7,,Upscale Dining,Yes
The Butler,,,,,,,,,,,Yes
Matteo Downtown,Italian,,,,Dinner,,,,,,No
RK SAN,Japanese,,,Surry Hills,,,,,,,No
Macchiato,Italian,,,CBD,"Dinner, Lunch",8,"$$, $$$",9,,"Casual Dining, Dine-In, Larger Groups, Small Groups, Takeaway",Yes
"Silks Yum Cha AYCE ",,,,,,,,,,,
,,,,,,,,,,,
Longshore,Modern Australian,,,Chippendale,,,,,,,
Petermen,,,,,,,,,,,
Estabans,,,,,,,,,,,
Le foot,French,,,The Rocks,,,,,,,
Sir Braxton,,,,Rockdale,,,,,,,
Taco Street,,,,Strathfield,,,,,,,
Metisse,French,,,Potts Point,Dinner,,$$$$$,,,"Date, Dine-In, Fine Dining, Small Groups",No
The Sanderson,,,,,,,,,,,
Surlys American Tavern,American,,,Surry Hills,"Dinner, Lunch",7,$$,8,,"Casual Dining, Dine-In, Larger Groups, Small Groups",Yes
Clam Bar,,,,,,,,,,,
Sokyo,,,,,,,,,,,
Cafe Paci,Modern Australian,,,Newtown,Dinner,8,$$$,8,Salted caramel french toast with passionfruit gelato,"Date, Dine-In, Small Groups, Upscale Dining",Yes
,,,,,,,,,,,
Genovese Coffee House,,,,,,,,,,,
,,,,,,,,,,,
Funda,,,,,,,,,,,No
King Clarence,,,,CBD,Dinner,,,,,"Date, Dine-In, Larger Groups, Small Groups, Upscale Dining",Yes
Bella Brutta,,,,,,,,,,,
Bar Copains,,,,,,,,,,,
,,,,,,,,,,,
,,,,,,,,,,,
,,,,,,,,,,,
,,,,,,,,,,,
,,,,,,,,,,,
Callao,"Japanese, Peruvian",,,Barangaroo,Dinner,9,$$$$,7,,"Date, Dine-In, Larger Groups, Small Groups, Upscale Dining",Yes
Margaret,,,,,,,,,,,No
Don’t Tell Uncle,Indian,,,,,,,,,,No